Repeat,Cell_Line,Sample,Phenotype,Count
1,ES,Control,Normal mitosis,100
1,ES,Control,Breaks,0
1,ES,Control,Separated_Fragmented,0
1,ES,0.25 mM_HU,Normal mitosis,100
1,ES,0.25 mM_HU,Breaks,0
1,ES,0.25 mM_HU,Separated_Fragmented,0
1,ES,2 mM_HU,Normal mitosis,12.4
1,ES,2 mM_HU,Breaks,50
1,ES,2 mM_HU,Separated_Fragmented,37.5
1,Epi,Control,Normal mitosis,100
1,Epi,Control,Breaks,0
1,Epi,Control,Separated_Fragmented,0
1,Epi,0.25 mM_HU,Normal mitosis,92
1,Epi,0.25 mM_HU,Breaks,4
1,Epi,0.25 mM_HU,Separated_Fragmented,4
1,Epi,2 mM_HU,Normal mitosis,40
1,Epi,2 mM_HU,Breaks,60
1,Epi,2 mM_HU,Separated_Fragmented,0
2,ES,Control,Normal mitosis,100
2,ES,Control,Breaks,0
2,ES,Control,Separated_Fragmented,0
2,ES,0.25 mM_HU,Normal mitosis,100
2,ES,0.25 mM_HU,Breaks,0
2,ES,0.25 mM_HU,Separated_Fragmented,0
2,ES,2 mM_HU,Normal mitosis,43.75
2,ES,2 mM_HU,Breaks,37.5
2,ES,2 mM_HU,Separated_Fragmented,18.8
2,Epi,Control,Normal mitosis,46.7
2,Epi,Control,Breaks,40
2,Epi,Control,Separated_Fragmented,13.3
2,Epi,0.25 mM_HU,Normal mitosis,100
2,Epi,0.25 mM_HU,Breaks,0
2,Epi,0.25 mM_HU,Separated_Fragmented,0
2,Epi,2 mM_HU,Normal mitosis,94.1
2,Epi,2 mM_HU,Breaks,0
2,Epi,2 mM_HU,Separated_Fragmented,5.9
3,ES,Control,Normal mitosis,91.7
3,ES,Control,Breaks,0
3,ES,Control,Separated_Fragmented,8.3
3,ES,0.25 mM_HU,Normal mitosis,100
3,ES,0.25 mM_HU,Breaks,0
3,ES,0.25 mM_HU,Separated_Fragmented,0
3,ES,2 mM_HU,Normal mitosis,47.6
3,ES,2 mM_HU,Breaks,40
3,ES,2 mM_HU,Separated_Fragmented,13.3
3,Epi,Control,Normal mitosis,100
3,Epi,Control,Breaks,0
3,Epi,Control,Separated_Fragmented,0
3,Epi,0.25 mM_HU,Normal mitosis,93.75
3,Epi,0.25 mM_HU,Breaks,6.3
3,Epi,0.25 mM_HU,Separated_Fragmented,0
3,Epi,2 mM_HU,Normal mitosis,100
3,Epi,2 mM_HU,Breaks,0
3,Epi,2 mM_HU,Separated_Fragmented,0
